company	UNICEF
company	Roche
company	Sophia Genetics
company	Johnson & Johnson Family of Companies
company	Amaris
company	Wabtec
company	Spring Professional
company	MIACAR
company	ITech Consult
company	Siemens AG
company	Philip Morris International
company	ETH Zurich
company	Abbott Laboratories
company	Jabil Circuit
company	Helvetia Versicherungen
company	Syngenta
company	RSR EMEA Internal
company	ABB
company	Vorwerk
company	Experis
company	Université de Fribourg
company	Zurich Insurance Group
company	Universität Bern Universität Bern
company	United Nations
company	Kelly Services
company	UNITAR
company	CERN
company	EF Education First
company	Biogen
company	Lonza
company	DSM
company	University of Lugano (USI)
company	Randstad Professionals
company	Zimmer Biomet
company	EM Microelectronic-Marin Ltd
company	Universität Bern
company	Consultys - Life Sciences Experts
company	Danaher
company	Helvetica Partners
company	Novastone Capital Advisors
company	MyCamper AG
company	IFRC
company	Syderal Swiss SA
company	EMEA - BD
company	JLL
company	Universität Basel
company	Manpower
company	KPMG
company	Global Personal Partner
company	Randstad
company	Straumann Group
company	Takeda Pharmaceuticals
company	International Telecommunication Union (ITU)
company	Proclinical
company	IBKR
company	Nord Anglia Education
company	British American Tobacco
company	Baxter International
company	coty
company	Mammut Sports Group AG
company	Badenoch + Clark
company	Bristol-Myers Squibb
company	PICTET
company	SIB Swiss Institute of Bioinformatics
company	INSELSPITAL
company	BioTalent
company	University of Basel
company	additiv AG
company	Varian Medical Systems International AG
company	AKKA TECHNOLOGIES
company	Department of Chemistry
company	RETAIL Experts
company	Hugo Boss
company	Elemed
company	Groupe Kering
company	myitjob
company	University of Bern
company	Hotel Maya Caprice
company	SWISSFLEX MICROELECTRONICS SARL
company	Swiss AviationSoftware
company	Wipro LTD
company	Argyll Scott
company	PepsiCo
company	Alten
company	Idiap Research Institute
company	Paul Scherrer Institut
company	Carbon60
company	Eidgenossische Technische Hochschule Zürich, ETHZ
company	Datalynx AG
company	FedEx Express EU
company	VMware Sales
company	VF Corporation
company	Swiss Timing LTD
company	JTI
company	Darwin Recruitment
company	PILATUS Flugzeugwerke AG
company	Paul Scherrer Institut Villigen
company	worldline
company	Epredia
company	Unil
company	Blackstone Group
company	Institut Le Rosey
company	Caterpillar
company	SCOTT SPORTS
company	Neustar, Inc.
company	Novartis
company	ELCA
company	Kudelski SA
company	Altran
company	Nexstar Broadcasting
company	World Health Organization
company	MSD International GmbH
company	Church & Dwight
company	Red Hat Software
company	Redstone Search Group
company	Drugs for Neglected Diseases Initiative
company	Alcoa Corporation
company	MSC Cruises
company	Meggitt
company	Environmental Chemistry Group
company	GSK
company	Michael Page
company	Electronic Search, Inc.
company	Tech'Firm Industrie AG
company	Decision Science Laboratory (DeSciL)
company	Kinder Nannies & Staff Ltd.
company	Parrot
company	Sika Corporation
company	Holy Fashion Group
company	University of Lausanne
company	Hobson Prior
company	Honeywell
company	CTC Resourcing Solutions
company	Connect 44 AG
company	SpotMe
company	ETEL
company	Colgate-Palmolive
company	TransPerfect
company	Deutsche Börse
company	United Nations Development Programme (UNDP)
company	EY
company	Tecan
company	MSF International
company	CSEM SA
company	Viking
company	Cabot Microelectronics
company	Nespresso
company	Johnson Controls
company	ThomasLloyd Group
company	The Coca Cola Company
company	Check Point Software Technologies Ltd.
company	HaslerRail AG
company	Credit Suisse
company	SITA
company	Swiss TPH
company	sandsiv
company	maierhofer schweiz AG
company	On AG
company	KPMG AG
company	LivaNova
company	United Nations High Commissioner for Refugees (UNHCR)
company	The Estée Lauder Companies
company	Coopers Group AG
company	DJO
company	uniqFEED AG
company	Alpiq
company	EPFL
company	ALPADIA Language Schools SA
company	Institute for Ecopreneurship - FHNW
company	EnviroPorts
company	lastminute.com
company	SAP
company	Zühlke
company	Firmenich
company	Flowserve Corporation
company	H+O communications Ltd.
company	The North Face
company	EURO
company	Credit Suisse Campus
company	Gavi, the Vaccine Alliance Secretariat
company	Global Jet
company	Chair of Earth Observation and Remote Sensing
company	bluebird bio
company	Case New Holland Industrial
company	The Global Fund
company	Smallpdf
company	Vf International
company	Grand Hotel des Bains Kempinski St. Moritz
company	Terex Corporation
company	International Federation of Red Cross and Red Crescent Societies
company	Georg Fischer Piping Systems Ltd
company	Partners Group
company	citizenM
company	Beaulieu Enterprises Ltd
company	Swissquote
company	Mac Solutions SA
company	Nestlé Waters
company	Sulzer
company	Kuehne + Nagel
company	InterContinental Hotels
company	EPAM Systems
company	GE Renewable Energy
company	International Bridges to Justice
company	École Polytechnique Fédérale de Lausanne (EPFL)
company	Page Personnel
company	HUBER+SUHNER
company	Salesforce
company	Washington Frank
company	Merck KGaA
company	greenTEG AG
company	Givaudan
company	Friedrich Miescher Institute
company	CyberI
company	Eawag
company	ALTOGEN AG
company	Alpiq AG
company	Ferring Pharmaceuticals, Inc.
company	Kopter Group AG
company	Interiman
company	The University Hospital Zurich
company	Thermo Fisher Scientific
company	MasonBreese Switzerland GmbH
company	PwC
company	Polymetrix AG
company	BRP
company	Mirabaud
company	Teva Pharmaceuticals
company	SRC recrutement
company	The Institute for Atmospheric and Climate Science
company	nemensis ag
company	World Economic Forum LLC
company	Department of Mechanical and Process Engineering
company	Adecco
company	The IT Guys Sàrl
company	Meese Inc.
company	Sygnum Bank AG
company	Chiquita Brands International Sàrl
company	VFC
company	Microsoft
company	Foreign & Commonwealth Office
company	AMETEK, Inc.
company	Federation Equestre Internationale
company	Bio-Rad Laboratories, Inc.
company	Jet Aviation AG
company	SCS Solutions
company	Quanta
company	Oerlikon
company	Hays
company	Ikea
company	Aston Life Sciences
company	Department of Quantitative Biomedicine
company	Unilabs
company	Pharma Quality Europe
company	NCD Alliance
company	Tamedia
company	WayRay
company	Swiss Re
company	L'OCCITANE en provence
company	ProtonMail
company	Huntsman
company	Société Générale
company	LafargeHolcim
company	Oxford Global Resources
company	Edwards Lifesciences
company	Tetra Pak
company	Pickwings AG
company	emergent
company	Department of Biosystems Science and Engineering
company	SenseFly
company	European Respiratory Society
company	Taskbase
company	Michael Bailey Associates - UK Contracts
company	TripAdvisor
company	Cargill
company	Flyability
company	Locatee AG
company	GSI Consultants
company	STMicroelectronics
company	Global Supply Chain Finance Ltd.
company	RecSel International Ltd
company	YouTube
company	interxion
company	Turner & Townsend
company	Mainspring Resourcing
company	Redstone Private Banking
company	Estée Lauder
company	ALSTOM
company	BD
company	Work & Work SA
company	iET SA
company	Sicpa
company	TAG Heuer
company	Nestlé
company	Octapharma
company	Harvey Nash AG
company	Oliver James Associates
company	JP Morgan Chase
company	COMET Group
company	vf
company	MRP Global
company	Markem-Imaje
company	Clariant
company	Intertrust
company	IKEA
company	Salt Mobile
company	KVALITO Consulting Group
company	Batterman Consulting Basel AG
company	Accenture
company	Fachhochschule Nordwestschweiz FHNW
company	Web3 Foundation
company	Arviem AG
company	Alnylam
company	Avaloq
company	British Council
company	Schindler
company	La Prairie Group
company	Apple
company	UBS
company	Coopers Group GmbH
company	Numab Therapeutics AG
company	GF Precicast SA
company	Mettler Toledo
company	decentriq
company	Meditrial Europe Ltd.
company	sanu future learning ag
company	Semtech
company	Onedot
company	Avrios International AG
company	Frag2000
company	Wipro Limited
company	Pertemps Network Group
company	Jabil
company	Archilogic AG
company	WWF Schweiz
company	Médecins Sans Frontières Suisse
company	FPT Motorenforschung AG
company	Agility Logistics
company	INTERNATIONAL OLYMPIC COMMITTEE
company	University of Zurich
company	DKSH
company	Timberland
company	Fortinet
company	The Coca-Cola Company
company	Fincons Spa
company	KJUS
company	3Brain AG
company	Medela LLC
company	LALIVE
company	Forrester Research
company	Incyte Corporation
company	myfuturerole.com
company	Fly 7 Executive Aviation SA
company	Corteva Agriscience
company	Aspreva Pharmaceuticals
company	Medepro International
company	IBM Zurich Research Laboratory
company	Unisys
company	Bank For International Settlements
company	Leica Geosystems AG - Part of Hexagon
company	Validity Labs AG
company	Cognitive Solutions AG
company	Fusion Partners
company	Department of Environmental Systems Science
company	Sigma
company	World Intellectual Property Organization
company	Lunaphore Technologies
company	KATARSYS
company	Expense Robot
company	Pitcher AG
company	Seabed Geosolutions
company	Universität St.Gallen
company	Swisslog
company	beqom
company	Consortia Recruitment Partners
company	Lafarge
company	Cognizant
company	ActiveUnited Nations Development Programme (UNDP)
company	Audemars Piguet
company	Ginosi Apartels and Hotels
company	Vifor Pharma
company	Electronic Arts
company	Advanced Sterilization Products
company	Open Systems AG
company	VARO Energy
company	Leica Microsystems
company	Global Blood Therapeutics, Inc. (GBT)
company	River Advice AG
company	Ovivo Switzerland
company	GlobalLogic Switzerland Ltd
company	Institute of Geodesy and Photogrammetry
company	Hamilton Company
company	T.V.T Marine Automation Company
company	Celgene
company	Bachem
company	Yodea Recrutement
company	Medacta International SA
company	Automatic Control Laboratory
company	Deloitte
company	Enterprise Bot
company	Friedrich Miescher Institute for Biomedical Research
company	IRsweep AG
company	vfc
company	Johnson Electric
company	Covance
company	Oracle
company	Huber Event Promotion GmbH
company	Intuitive
company	Novo Nordisk
company	LAR Ventures Limited
company	1Drop Diagnostics
company	SimplyVision GmbH
company	Genioo
company	HELVETAS Swiss Intercooperation
company	Bayer
company	Resource Group
company	Trapeze Group Limited
company	AWS EMEA SARL (Switzerland)
company	MIACAR AG
company	Multidisciplinary Digital Publishing Institute (MDPI)
company	Stryker
company	CordenPharma
company	Hexagon Technology Center GmbH
company	Emergent Biosolutions
company	Chair of Intelligent Maintenance Systems
company	Steinhem direct search
company	Magnolia International Ltd.
company	Schawk
company	SIDLER SA
company	PROMATIS software GmbH
company	Myra Medical sarl
company	CA Indosuez Wealth (Group)
company	sgsco
company	Meditrina Talent
company	VAT ​Vakuumventile
company	nicole.prokop@infosys.com
company	Masimo
company	Drug Information Association Inc
company	Nonstop Recruitment Careers
company	Weekday
company	University of Fribourg
company	AXPO
company	PATH
company	Institute for Regenerative Medicine - IREM
company	Uniworld / GRC Global River Cruises GmbH
company	McKinsey & Company
company	Cisco Systems
company	Avrios
company	Belimed
company	GE Healthcare
company	AECOM
company	Corning
company	Sandoz
company	BOARD International SA
company	Fresenius Kabi
company	Tiffany & Company
company	Badenoch & Clark
company	TE Connectivity
company	AXIS Insurance
company	Stamford Consultants AG
company	HELVET HEALTH
company	Thomson Reuters
company	CK Group
company	Total
company	Marco Fuhrer
company	eTeam Inc.
company	Mister Hire
company	OMYA Industries, Inc.
company	FERNAO Networks Holding GmbH
company	Google
company	Expedia Group
company	Cimpress/Vistaprint
company	Brunel
company	Swisscom (Schweiz) AG
company	Specialized Bicycle Components
company	Picotti Lab, Institute of Molecular Systems Biology
company	Global Ecosystem Ecology
company	Ente Ospedaliero Cantonale
company	Siemens Schweiz AG, Smart Infrastructure, Global Headquarters
company	Alec Allan & Associes SA
company	Medtronic
company	General Mills - Europe/Australasia
company	Imerys
company	ESGroup AG
company	ALTOGEN
company	IDEAS emplois
company	W Management International Ltd
company	Diadeis: Switzerland
company	UCB S.A.
company	Responsive Biomedical Systems Lab
company	Faculty of Science and Medicine, University of Fribourg
company	MZ Personalberatung
company	Ypsomed
company	Compass Associates
company	Swiss Life
company	accès personnel
company	SRZ Gastro GmbH
company	Guided Solutions
company	Power Integrations
company	Ecole polytechnique fédérale de Lausanne (EPFL)
company	Work Selection
company	Cabot Corporation
company	Ospedale Regionale di Lugano
company	FireEye, Inc.
company	ILKAWORK SA
company	D-BAUG / IFU
company	INDEX-Werke GmbH & Co. KG Hahn & Tessky
company	AO Foundation
company	Telecom26 AG
company	GaleniCare Management
company	Anuta Networks
company	Alexion Pharmaceuticals,Inc.
company	JSAN Consulting Ltd
company	Triplan Ingenieur AG
company	ams
company	Olmero
company	AbbVie
company	ViaSat
company	Cytiva
company	Web 3.0 Technologies Foundation
company	Atos
company	BRINE
company	REGENHU
company	Sentinel
company	Ericsson
company	Tiffany & Co.
company	Lykke Business AG
keyword	drinking water
keyword	oceanography
keyword	propulsion
keyword	rubber
keyword	hazardous materials
keyword	coatings
keyword	supply chain
keyword	moisture sensors
keyword	fermentation
keyword	drying
keyword	stone
keyword	bioprocesses
keyword	downstream processing
keyword	air transport
keyword	statistical analysis
keyword	security
keyword	microbiology
keyword	metals and alloys
keyword	semiconductors
keyword	synthetic biology
keyword	protein engineering
keyword	measurement devices
keyword	veterinary medicine
keyword	emergency medicine
keyword	energy management
keyword	adsorption
keyword	serious games
keyword	computer hardware
keyword	surgery
keyword	turbines
keyword	machine tools
keyword	crop production
keyword	extraction
keyword	biostatistics, epidemiology
keyword	computer software
keyword	medical research
keyword	aircraft
keyword	vacuum
keyword	other processes
keyword	transmission systems
keyword	bioinformatics
keyword	radiation protection
keyword	distillation
keyword	diseases
keyword	radar
keyword	mathematical modelling
keyword	adhesives
keyword	biosensor
keyword	extrusion
keyword	flexography
keyword	maintenance management system
keyword	ecology
keyword	internet of things
keyword	building materials
keyword	biodiversity
keyword	analytical chemistry
keyword	natural disasters
keyword	acoustics
keyword	toxicology
keyword	simulation
keyword	quality standards
keyword	technical standards
keyword	quality management system
keyword	algorithms and complexity
keyword	engineering
keyword	organic chemistry
keyword	molecular design
keyword	logistics
keyword	food technology
keyword	artificial intelligence (ai)
keyword	food processing
keyword	signal processing
keyword	microengineering
keyword	population genetics
keyword	cloud technologies
keyword	railway vehicles
keyword	road vehicles
keyword	pharmaceutics
keyword	industrial water treatment
keyword	helicopter
keyword	assessment of risk
keyword	physiology
keyword	composite materials
keyword	laboratory equipment
keyword	civil engineering
keyword	optics
keyword	hydropower
keyword	inorganic chemistry
keyword	3d printing
keyword	glass
keyword	e-learning
keyword	process automation
